"";"wo";"wID";"freq";"as";"es";"sz";"exz";"laff1";"laff2"
"39515";"cEva";39510;2087;7;8;2;0;0,01;0,02
"144810";"rAjan";144807;1875;7;8;2;0;0,03;0,07
"144544";"rAjA";144543;803;7;8;2;0;0,1;0,17
"164556";"sarve";164554;784;7;8;2;0;0,09;0,13
"54512";"dRSTvA";54510;762;7;8;2;0;0,06;0,09
"181505";"tatra";181500;646;7;8;2;0;0,01;0,02
"180437";"tAta";180436;546;7;8;2;0;0,03;0,04
"36824";"cApi";36820;523;7;8;2;0;0,01;0,02
"15650";"Asa";15649;499;7;8;2;0;0,06;0,1
"90797";"kRtvA";90795;433;7;8;2;0;0,04;0,08
"180008";"tasya";179998;414;7;8;2;46,72;0,04;0,07
"224954";"ZrutvA";224952;413;7;8;2;0;0,25;0,47
"117728";"nityaM";117727;399;7;8;2;0;0,02;0,04
"163552";"sarvaM";163546;378;7;8;2;0;0,21;0,28
"96692";"loke";96690;332;7;8;2;0;0,06;0,09
"163634";"sarvAn";163632;306;7;8;2;0;0,19;0,22
"83484";"karma";83480;298;7;8;2;0;0,08;0,15
"185611";"tUrNaM";185610;294;7;8;2;0;0,1;0,16
"215868";"yuddhe";215866;292;7;8;2;0;0,07;0,11
"144871";"rAjann";144869;286;7;8;2;0;0,05;0,08
"110155";"nAma";110153;262;7;8;2;0;0,02;0,04
"192898";"vAkyaM";192897;258;7;8;2;0;0,18;0,29
"59225";"eva";59219;253;7;8;2;69,22;0,21;0,24
"157361";"saMkhye";157358;244;7;8;2;0;0,03;0,05
"126100";"pArtha";126092;229;7;8;2;0;0,03;0,06
"215757";"yuddhaM";215756;218;7;8;2;0;0,21;0,33
"32130";"bhUtvA";32128;215;7;8;2;0;0,07;0,13
"144790";"rAjaMs";144788;215;7;8;2;0;0,05;0,09
"182729";"tena";182724;198;7;8;2;30,77;0,06;0,08
"143092";"pUrvaM";143088;190;7;8;2;0;0,09;0,13
"204058";"vIra";204050;188;7;8;2;0;0,07;0,1
"66597";"ghoraM";66591;182;7;8;2;0;0,05;0,09
"135280";"prApya";135277;179;7;8;2;0;0,03;0,07
"25700";"bANEr";25699;171;7;8;2;0;0,2;0,37
"182956";"teSAM";182954;170;7;8;2;49,55;0,03;0,05
"32958";"brahman";32955;169;7;8;2;0;0,05;0,09
"91042";"kruddho";91039;165;7;8;2;0;0,15;0,25
"89569";"kRSNa";89560;161;7;8;2;0;0,05;0,08
"162417";"sArdhaM";162416;161;7;8;2;0;0,12;0,2
"102699";"manye";102697;159;7;8;2;0;0,31;0,4
"50595";"dhImAn";50595;151;7;8;2;0;0,07;0,11
"144701";"rAjaJ";144700;149;7;8;2;0;0,05;0,09
"66081";"gatvA";66080;148;7;8;2;0;0,06;0,11
"177449";"tadA";177444;141;7;8;2;90,64;0,3;0,43
"35526";"cakre";35524;134;7;8;2;0;0,09;0,14
"59441";"evaM";59440;131;7;8;2;85,15;0,19;0,27
"167105";"sEnyaM";167104;129;7;8;2;0;0,33;0,47
"90941";"kruddhaH";90939;127;7;8;2;0;0,18;0,28
"84655";"kAryaM";84654;126;7;8;2;0;0,11;0,22
"96363";"lokAn";96361;122;7;8;2;0;0,05;0,09
"145416";"rAjendra";145415;548;6;8;3;0;0,12;0,16
"154683";"samare";154682;358;6;8;3;17,89;0,11;0,22
"87802";"kOnteya";87800;261;6;8;3;0;0,09;0,18
"15731";"AsAdya";15729;236;6;8;3;0;0,03;0,05
"156572";"saMgrAme";156572;234;6;8;3;0;0,04;0,08
"26063";"bhagavAn";26064;210;6;8;3;0;0,15;0,27
"49680";"dharmAtmA";49680;198;6;8;3;0;0,16;0,25
"16959";"AsthAya";16957;184;6;8;3;0;0,21;0,27
"144828";"rAjAnaM";144828;181;6;8;3;0;0,15;0,3
"2767";"AdAya";2765;172;6;8;3;0;0,38;0,49
"31941";"bhUtAni";31940;166;6;8;3;0;0,11;0,2
"88092";"kOravya";88091;160;6;8;3;0;0,12;0,17
"164606";"sarveSAM";164607;139;6;8;3;0;0,21;0,29
"31934";"bhUtAnAM";31935;128;6;8;3;0;0,12;0,2
"163654";"sarvANi";163653;128;6;8;3;0;0,26;0,31
"73252";"icchAmi";73250;127;6;8;3;0;0,19;0,24
"197818";"vegena";197816;126;6;8;3;0;0,17;0,24
"152304";"sahasA";152303;123;6;8;3;0;0,18;0,32
"99312";"mahatA";99310;121;6;8;3;0;0,08;0,16
"128714";"paZyAmi";128711;116;6;8;3;0;0,35;0,43
"83650";"karmANi";83650;110;6;8;3;0;0,07;0,13
"157483";"saMkruddho";157483;104;6;8;3;0;0,24;0,37
"48926";"dharmajJa";48924;97;6;8;3;0;0,21;0,28
"165086";"satataM";165085;97;6;8;3;18,49;0,27;0,32
"158707";"saMprekSya";158706;94;6;8;3;0;0,3;0,51
"182587";"tejasvI";182586;92;6;8;3;0;0,16;0,24
"190612";"utsRjya";190610;86;6;8;3;0;0,06;0,12
"26786";"bhallena";26785;76;6;8;3;0;0,24;0,46
"96709";"lokeSu";96708;75;6;8;3;22,68;0,39;0,48
"28126";"bhavati";28123;74;6;8;3;66,67;0,09;0,14
"54816";"dRZyante";54815;74;6;8;3;0;0,22;0,42
"191157";"vacanaM";191156;74;6;8;3;66,82;0,24;0,47
"18914";"AtmAnaM";18914;73;6;8;3;0;0,05;0,1
"101071";"manasA";101069;71;6;8;3;5,33;0,1;0,2
"104854";"medhAvI";104853;69;6;8;3;0;0,06;0,12
"87843";"kOnteyo";87843;68;6;8;3;0;0,24;0,41
"157448";"saMkruddhaH";157447;68;6;8;3;0;0,24;0,35
"87808";"kOnteyaH";87808;67;6;8;3;0;0,15;0,27
"164614";"sarveSu";164613;67;6;8;3;0;0,13;0,21
"6357";"AjJAya";6358;66;6;8;3;0;0,29;0,53
"126287";"pArthena";126286;66;6;8;3;0;0,23;0,32
"81630";"kalyANi";81628;62;6;8;3;0;0,06;0,11
"32070";"bhUteSu";32069;59;6;8;3;0;0,39;0,59
"23521";"bahavo";23519;57;6;8;3;0;0,72;0,81
"160348";"saMvAdaM";160349;57;6;8;3;0;0,54;0,61
"203757";"viprarSe";203757;57;6;8;3;0;0,05;0,11
"22650";"AZritya";22648;56;6;8;3;0;0,12;0,2
"26062";"bhagavan";26058;56;6;8;3;0;0,12;0,21
"49912";"dharmeNa";49910;56;6;8;3;0;0,09;0,14
"192733";"vakSyAmi";192731;56;6;8;3;17,65;0,23;0,38
"98939";"mahArAja";98939;1366;5;8;4;0;0,05;0,07
"98047";"mahAbAho";98047;418;5;8;4;0;0,05;0,09
"98058";"mahAbAhur";98058;220;5;8;4;0;0,05;0,09
"154849";"samAsAdya";154849;204;5;8;4;0;0,05;0,1
"99405";"mahAtmAnaM";99406;145;5;8;4;0;0,09;0,14
"98054";"mahAbAhuH";98054;140;5;8;4;0;0,09;0,13
"99357";"mahAtejA";99357;129;5;8;4;0;0,12;0,18
"20089";"avApnoti";20088;114;5;8;4;0;0,23;0,31
"152530";"sahasrANi";152530;111;5;8;4;0;0,1;0,18
"142266";"puraskRtya";142265;106;5;8;4;0;0,09;0,19
"111841";"naravyAghra";111841;104;5;8;4;0;0,12;0,22
"98892";"mahAprAjJa";98892;95;5;8;4;0;0,09;0,16
"213358";"yathAnyAyaM";213358;92;5;8;4;0;0,13;0,16
"99810";"maheSvAsaH";99809;79;5;8;4;0;0,09;0,15
"9868";"anIkAni";9867;75;5;8;4;0;0,11;0,19
"83391";"kariSyAmi";83390;74;5;8;4;0;0,16;0,27
"99841";"maheSvAso";99841;73;5;8;4;0;0,08;0,14
"138014";"pravakSyAmi";138013;73;5;8;4;0;0,12;0,22
"111982";"naraZreSTha";111982;72;5;8;4;0;0,06;0,1
"99815";"maheSvAsaM";99816;70;5;8;4;0;0,09;0,17
"99360";"mahAtejAH";99360;69;5;8;4;0;0,07;0,12
"8318";"ameyAtmA";8318;68;5;8;4;0;0,13;0,19
"98105";"mahAbhAgA";98105;66;5;8;4;0;0,17;0,24
"125657";"parityajya";125657;65;5;8;4;0;0,06;0,11
"826";"abhiprekSya";826;64;5;8;4;0;0,12;0,23
"99398";"mahAtmAnaH";99398;62;5;8;4;0;0,1;0,18
"98104";"mahAbhAga";98103;60;5;8;4;0;0,05;0,1
"188536";"upAdAya";188535;59;5;8;4;0;0,05;0,08
"98056";"mahAbAhuM";98056;58;5;8;4;0;0,07;0,14
"64616";"gamiSyAmi";64615;57;5;8;4;0;0,11;0,19
"13211";"apaZyAma";13210;56;5;8;4;0;0,54;0,62
"94388";"kuruZreSTha";94388;56;5;8;4;0;0,09;0,14
"99419";"mahAtmAno";99419;53;5;8;4;0;0,08;0,13
"213277";"yathAkAmaM";213278;51;5;8;4;0;0,06;0,1
"99420";"mahAtmAnO";99421;49;5;8;4;0;0,08;0,16
"206846";"viZeSeNa";206846;48;5;8;4;0;0,08;0,17
"18397";"atikramya";18397;47;5;8;4;0;0,06;0,11
"99934";"mahIpAla";99934;43;5;8;4;0;0,05;0,09
"139388";"praZaMsanti";139387;43;5;8;4;0;0,14;0,26
"99811";"maheSvAsAH";99811;42;5;8;4;0;0,1;0,14
"57410";"dvijaZreSTha";57410;40;5;8;4;0;0,05;0,1
"102515";"manuSyANAM";102515;40;5;8;4;0;0,08;0,12
"28362";"bhaviSyanti";28361;39;5;8;4;0;0,13;0,18
"154978";"samAsthAya";154978;39;5;8;4;0;0,18;0,31
"99806";"maheSvAsA";99806;37;5;8;4;0;0,24;0,3
"102558";"manuSyendra";102558;37;5;8;4;0;0,11;0,16
"189260";"upaspRZya";189259;37;5;8;4;0;0,05;0,11
"9887";"anIkeSu";9886;35;5;8;4;0;0,4;0,46
"153892";"samAgamya";153892;35;5;8;4;0;0,11;0,17
"201004";"vijAnIhi";201003;35;5;8;4;0;0,17;0,29
"27135";"bharataZreSTha";27135;179;4;8;5;0;0,04;0,08
"162875";"sarvabhUtAnAM";162875;153;4;8;5;0;0,03;0,06
"142857";"puruSavyAghra";142857;119;4;8;5;0;0,07;0,1
"145391";"rAjaZArdUla";145391;66;4;8;5;0;0,05;0,09
"162880";"sarvabhUtAni";162880;65;4;8;5;0;0,14;0,25
"219540";"ZaravarSeNa";219540;59;4;8;5;0;0,29;0,36
"122400";"pANDuputrANAM";122400;55;4;8;5;0;0,07;0,13
"162947";"sarvabhUteSu";162947;52;4;8;5;0;0,08;0,13
"51012";"dhRtarASTrasya";51012;51;4;8;5;0;0,06;0,12
"162874";"sarvabhUtAnAm";162874;50;4;8;5;0;0,04;0,08
"29393";"bhImasenasya";29394;47;4;8;5;0;0,11;0,19
"121299";"paJcaviMZatyA";121299;47;4;8;5;0;0,17;0,23
"219529";"ZaravarSANi";219529;44;4;8;5;0;0,2;0,25
"50164";"dhArtarASTrANAM";50164;41;4;8;5;0;0,07;0,15
"29422";"bhImasenena";29422;39;4;8;5;35;0,15;0,23
"136638";"pratijagrAha";136638;35;4;8;5;0;0,2;0,26
"163498";"sarvalokasya";163498;35;4;8;5;0;0,09;0,17
"196037";"vAsudevasya";196038;35;4;8;5;0;0,11;0,2
"49367";"dharmarAjasya";49367;33;4;8;5;43,1;0,09;0,15
"195143";"vartayiSyAmi";195143;32;4;8;5;0;0,91;0,97
"164007";"sarvasEnyAnAM";164007;29;4;8;5;0;0,28;0,52
"141034";"pRthivIpAla";141034;27;4;8;5;0;0,07;0,15
"142859";"puruSavyAghraH";142859;26;4;8;5;0;0,23;0,31
"122204";"pANDaveyAnAM";122204;24;4;8;5;0;0,12;0,21
"147580";"rathavaMZena";147580;24;4;8;5;0;0,58;0,67
"196060";"vAsudevena";196060;24;4;8;5;0;0,25;0,29
"85211";"kathayiSyAmi";85211;23;4;8;5;0;0,91;1
"158602";"saMpravakSyAmi";158602;23;4;8;5;0;0,57;0,74
"137964";"pratyuvAcedaM";137965;22;4;8;5;0;0,41;0,45
"141719";"puNDarIkAkSa";141719;22;4;8;5;0;0,18;0,27
"142862";"puruSavyAghraM";142862;22;4;8;5;0;0,09;0,18
"142869";"puruSavyAghro";142869;22;4;8;5;0;0,32;0,36
"195042";"vartamAnasya";195042;22;4;8;5;0;0,14;0,27
"40558";"chinnadhanvAnaM";40559;21;4;8;5;0;0,86;0,9
"50180";"dhArtarASTrasya";50180;21;4;8;5;55,32;0,05;0,1
"70596";"hAstinapuraM";70595;21;4;8;5;0;0,14;0,24
"90490";"kRtavarmANaM";90491;21;4;8;5;0;0,24;0,33
"94383";"kuruZArdUla";94383;21;4;8;5;0;0,19;0,33
"32712";"brahmacaryeNa";32712;20;4;8;5;0;0,5;0,6
"142870";"puruSavyAghrO";142870;19;4;8;5;0;0,21;0,32
"174594";"sUtaputrasya";174594;19;4;8;5;20,83;0,11;0,16
"51035";"dhRtarASTreNa";51035;18;4;8;5;0;0,11;0,22
"147260";"rathaghoSeNa";147260;18;4;8;5;0;0,28;0,5
"122405";"pANDuputrasya";122405;17;4;8;5;0;0,18;0,29
"216057";"yudhyamAnasya";216057;17;4;8;5;0;0,24;0,41
"46758";"devarAjasya";46758;16;4;8;5;0;0,06;0,12
"137285";"prativivyAdha";137285;16;4;8;5;0;0,31;0,5
"142860";"puruSavyAghrAH";142860;16;4;8;5;0;0,44;0,5
"154445";"samanuprAptaM";154445;16;4;8;5;0;0,56;0,75
"111973";"naraZArdUla";111973;15;4;8;5;0;0,2;0,27
"187220";"udAharantImam";187220;110;3;8;6;0;1;1
"194862";"varSasahasrANi";194862;29;3;8;6;0;0,48;0,66
"220651";"ZatasahasrANi";220651;20;3;8;6;0;0,3;0,45
"142740";"puruSakAreNa";142740;17;3;8;6;0;0,29;0,47
"219418";"ZarasahasrANi";219418;16;3;8;6;0;0,62;1
"121052";"pAJcAlarAjasya";121052;15;3;8;6;0;0,2;0,33
"142883";"puruSaZArdUla";142883;12;3;8;6;0;0,25;0,42
"219419";"ZarasahasreNa";219419;12;3;8;6;0;0,75;0,83
"123609";"paramadharmAtmA";123609;11;3;8;6;0;0,27;0,45
"180517";"tathA";180524;1711;15;16;2;0;0,01;0,02
"177442";"tadA";177450;1507;15;16;2;0;0,02;0,03
"74723";"iva";74729;804;15;16;2;16,51;0,06;0,11
"35946";"cana";35949;717;15;16;2;0;0,48;0,66
"141631";"punaH";141636;700;15;16;2;0;0,41;0,52
"13337";"api";13344;664;15;16;2;0;0,02;0,03
"100478";"mama";100484;597;15;16;2;0;0,07;0,12
"127504";"pate";127503;578;15;16;2;0;1;1
"152040";"saha";152046;534;15;16;2;0;0,07;0,14
"136329";"prati";136333;519;15;16;2;0;0,06;0,09
"182046";"tava";182052;518;15;16;2;0;0,04;0,08
"213134";"yathA";213140;483;15;16;2;31,29;0,02;0,03
"28288";"bhavet";28293;479;15;16;2;0;0,03;0,05
"219688";"ZarEH";219693;468;15;16;2;0;0,3;0,41
"180446";"tataH";180451;426;15;16;2;75,25;0,22;0,25
"119256";"nRpa";119256;417;15;16;2;0;0,03;0,05
"146895";"raNe";146901;404;15;16;2;35,77;0,02;0,04
"5242";"aham";5244;346;15;16;2;0;0,11;0,16
"193914";"varaH";193916;342;15;16;2;0;0,14;0,22
"99301";"mahat";99305;341;15;16;2;0;0,06;0,1
"131041";"prabho";131042;317;15;16;2;0;0,16;0,19
"104458";"mayA";104463;312;15;16;2;12,85;0,06;0,09
"131067";"prabhuH";131070;309;15;16;2;0;0,03;0,06
"150778";"sadA";150783;309;15;16;2;0;0,03;0,05
"142098";"purA";142103;292;15;16;2;0;0,13;0,15
"191107";"vacaH";191109;292;15;16;2;0;0,25;0,31
"74653";"iti";74660;277;15;16;2;41,06;0,13;0,19
"190182";"uta";190186;275;15;16;2;0;0,18;0,28
"215922";"yudhi";215927;252;15;16;2;0;0,02;0,04
"186433";"tvayA";186438;236;15;16;2;1,26;0,08;0,15
"59998";"Fbhavat";60000;220;15;16;2;0;0,06;0,1
"31057";"bhRZam";31058;217;15;16;2;0;0,03;0,05
"111590";"naraH";111593;211;15;16;2;0;0,09;0,15
"123557";"param";123550;207;15;16;2;0;0,18;0,29
"32181";"bhuvi";32185;204;15;16;2;0;0,06;0,1
"119273";"nRpaH";119275;200;15;16;2;0;0,07;0,12
"65706";"gataH";65707;197;15;16;2;0;0,07;0,12
"198844";"vibho";198847;191;15;16;2;0;0,06;0,13
"24719";"balam";24712;188;15;16;2;0;0,18;0,24
"76534";"janAH";76542;188;15;16;2;0;0,05;0,1
"98742";"mahAn";98748;183;15;16;2;0;0,08;0,12
"103760";"matiH";103763;169;15;16;2;0;0,62;0,7
"200056";"viduH";200060;169;15;16;2;0;0,12;0,22
"168379";"smRtaH";168379;168;15;16;2;0;0,25;0,3
"25128";"balI";25131;164;15;16;2;0;0,04;0,07
"60505";"FbravIt";60508;162;15;16;2;0;0,08;0,15
"193841";"vara";193841;162;15;16;2;0;0,23;0,4
"65966";"gatim";65966;161;15;16;2;0;0,44;0,63
"100953";"manaH";100957;158;15;16;2;0;0,11;0,16
"90188";"kRtam";90185;155;15;16;2;0;0,07;0,12
"27014";"bhArata";27017;1849;14;16;3;0;0,23;0,27
"1949";"abravIt";1952;625;14;16;3;0;0,31;0,48
"164465";"sarvaZaH";164467;422;14;16;3;0;0,47;0,52
"160901";"saMyuge";160903;382;14;16;3;0;0,14;0,21
"161024";"saMZayaH";161026;376;14;16;3;0;0,6;0,86
"190711";"uttamam";190707;361;14;16;3;0;0,06;0,09
"14588";"arhasi";14591;337;14;16;3;0;0,16;0,26
"187184";"ucyate";187186;311;14;16;3;0;0,05;0,08
"103010";"mAriSa";103010;298;14;16;3;0;0,27;0,31
"204714";"vIryavAn";204716;285;14;16;3;0;0,41;0,45
"121974";"pANDavaH";121974;275;14;16;3;0;0,26;0,34
"156999";"saMjaya";157002;238;14;16;3;0;0,18;0,29
"126310";"pArthiva";126309;232;14;16;3;0;0,17;0,24
"14603";"arhati";14606;204;14;16;3;0;0,16;0,25
"200366";"vidyate";200369;201;14;16;3;0;0,54;0,63
"5517";"Ahave";5519;197;14;16;3;0;0,04;0,07
"18900";"AtmanaH";18903;182;14;16;3;0;0,07;0,12
"121975";"pANDavAH";121981;176;14;16;3;0;0,14;0,2
"50602";"dhImataH";50602;163;14;16;3;0;0,12;0,24
"121940";"pANDava";121942;148;14;16;3;0;0,18;0,21
"126320";"pArthivaH";126321;134;14;16;3;0;0,3;0,5
"97154";"mAdhava";97155;132;14;16;3;0;0,14;0,17
"63663";"gacchati";63666;124;14;16;3;0;0,39;0,51
"83595";"karmaNA";83598;121;14;16;3;0;0,21;0,31
"73304";"icchasi";73306;113;14;16;3;0;0,14;0,21
"101251";"mAnavaH";101252;110;14;16;3;0;0,17;0,25
"121992";"pANDavam";121991;107;14;16;3;0;0,15;0,26
"54830";"dRZyate";54834;96;14;16;3;0;0,2;0,29
"22415";"aZnute";22417;95;14;16;3;0;0,11;0,17
"101252";"mAnavAH";101256;95;14;16;3;0;0,21;0,29
"182513";"tejasA";182517;90;14;16;3;0;0,21;0,41
"50600";"dhImatA";50601;87;14;16;3;0;0,14;0,21
"122008";"pANDavAn";122011;87;14;16;3;23,68;0,18;0,28
"86168";"keZava";86171;86;14;16;3;0;0,15;0,19
"17005";"AsthitaH";17006;85;14;16;3;0;0,06;0,12
"78099";"jAyate";78103;85;14;16;3;0;0,2;0,31
"128819";"paZyataH";128821;84;14;16;3;0;0,18;0,29
"21343";"avyayam";21341;82;14;16;3;0;0,06;0,12
"195105";"vartate";195107;82;14;16;3;0;0,12;0,2
"181985";"tattvataH";181986;79;14;16;3;0;0,18;0,32
"4463";"AgataH";4465;77;14;16;3;0;0,16;0,21
"166505";"sAyakEH";166507;75;14;16;3;0;0,21;0,35
"192185";"vAhinIm";192184;75;14;16;3;0;0,32;0,44
"161831";"saptabhiH";161832;74;14;16;3;0;0,47;0,8
"183570";"tiSThati";183572;73;14;16;3;0;0,14;0,21
"117686";"nityadA";117688;70;14;16;3;0;0,19;0,26
"4472";"Agatam";4471;67;14;16;3;0;0,12;0,18
"18893";"AtmanA";18896;67;14;16;3;0;0,37;0,43
"79097";"jIvitam";79097;67;14;16;3;0;0,09;0,16
"122145";"pANDavEH";122148;67;14;16;3;0;0,21;0,37
"99395";"mahAtmanaH";99395;472;13;16;4;0;0,12;0,21
"215942";"yudhiSThiraH";215943;437;13;16;4;0;0,2;0,33
"98981";"mahArathaH";98980;402;13;16;4;0;0,21;0,24
"154395";"samantataH";154396;352;13;16;4;0;0,06;0,11
"98066";"mahAbalaH";98066;345;13;16;4;0;0,13;0,26
"28385";"bhaviSyati";28388;331;13;16;4;0;0,07;0,11
"215929";"yudhiSThira";215931;329;13;16;4;0;0,11;0,17
"152574";"sahasraZaH";152574;319;13;16;4;0;0,3;0,45
"98982";"mahArathAH";98984;297;13;16;4;0;0,08;0,15
"111562";"narAdhipa";111563;287;13;16;4;0;0,07;0,1
"47970";"dhanaMjayaH";47971;265;13;16;4;0;0,11;0,16
"136161";"pratApavAn";136161;258;13;16;4;0;0,09;0,17
"99392";"mahAtmanA";99393;254;13;16;4;0;0,09;0,16
"124149";"parasparam";124150;232;13;16;4;0;0,08;0,15
"215950";"yudhiSThiram";215951;193;13;16;4;0;0,12;0,23
"123997";"paraMtapa";123997;181;13;16;4;0;0,14;0,16
"129786";"pitAmaha";129786;177;13;16;4;0;0,42;0,45
"99642";"mahAyaZAH";99642;171;13;16;4;0;0,11;0,14
"99337";"mahAtapAH";99338;168;13;16;4;0;0,1;0,15
"99402";"mahAtmanAm";99400;165;13;16;4;0;0,18;0,28
"98989";"mahAratham";98988;163;13;16;4;0;0,1;0,14
"142310";"purAtanam";142310;158;13;16;4;0;0,85;0,87
"14659";"ariMdama";14659;154;13;16;4;0;0,05;0,08
"206818";"viZeSataH";206818;143;13;16;4;0;0,23;0,31
"161254";"sanAtanaH";161254;141;13;16;4;0;0,3;0,37
"213572";"yathAvidhi";213574;139;13;16;4;0;0,11;0,14
"47981";"dhanaMjayam";47982;137;13;16;4;0;0,07;0,12
"76754";"janArdana";76755;134;13;16;4;0;0,06;0,09
"99960";"mahIpatiH";99960;133;13;16;4;0;0,11;0,21
"11476";"anuttamam";11476;127;13;16;4;0;0,06;0,1
"101735";"manISiNaH";101735;121;13;16;4;0;0,28;0,42
"76524";"janAdhipa";76524;118;13;16;4;0;0,08;0,14
"98071";"mahAbalam";98071;118;13;16;4;0;0,15;0,21
"208020";"vRkodaraH";208021;117;13;16;4;0;0,06;0,1
"98482";"mahAhave";98482;114;13;16;4;0;0,04;0,06
"98993";"mahArathAn";98993;112;13;16;4;0;0,09;0,14
"16102";"asaMZayam";16101;111;13;16;4;0;0,13;0,16
"74740";"ivAbhavat";74740;111;13;16;4;0;0,69;0,72
"98632";"mahAmanAH";98632;110;13;16;4;0;0,07;0,12
"129791";"pitAmahaH";129792;107;13;16;4;0;0,06;0,11
"161256";"sanAtanam";161256;107;13;16;4;0;0,2;0,37
"98067";"mahAbalAH";98068;105;13;16;4;0;0,18;0,22
"57465";"dvijottama";57465;102;13;16;4;0;0,05;0,1
"153997";"samAhitaH";153997;99;13;16;4;0;0,11;0,17
"123999";"paraMtapaH";123999;98;13;16;4;0;0,13;0,22
"76756";"janArdanaH";76757;97;13;16;4;0;0,07;0,11
"138164";"pravartate";138165;97;13;16;4;0;0,06;0,11
"199765";"vidhIyate";199765;95;13;16;4;0;0,07;0,14
"111567";"narAdhipaH";111567;94;13;16;4;0;0,12;0,19
"99958";"mahIpate";99958;91;13;16;4;0;0,09;0,11
"27076";"bharatarSabha";27076;764;12;16;5;0;0,08;0,12
"94167";"kurunandana";94167;138;12;16;5;0;0,04;0,07
"142779";"puruSarSabha";142779;125;12;16;5;0;0,02;0,05
"124347";"paravIrahA";124347;119;12;16;5;0;0,14;0,22
"97354";"madhusUdana";97354;117;12;16;5;0;0,06;0,1
"57307";"dvijasattama";57307;107;12;16;5;0;0,07;0,11
"126929";"paryavArayan";126929;96;12;16;5;0;0,25;0,36
"154508";"samapadyata";154509;87;12;16;5;0;0,13;0,2
"137428";"pratyabhASata";137429;80;12;16;5;0;0,04;0,08
"141050";"pRthivIpate";141050;73;12;16;5;0;0,07;0,12
"212326";"yamasAdanam";212326;73;12;16;5;0;0,16;0,32
"76616";"janamejaya";76616;72;12;16;5;0;0,08;0,12
"136913";"pratipadyate";136913;68;12;16;5;0;0,07;0,13
"145171";"rAjasattama";145171;66;12;16;5;0;0,06;0,12
"142780";"puruSarSabhaH";142780;61;12;16;5;0;0,05;0,1
"166425";"savyasAcinA";166425;60;12;16;5;0;0,1;0,18
"97355";"madhusUdanaH";97355;58;12;16;5;0;0,05;0,1
"166058";"satyavikramaH";166058;58;12;16;5;0;0,34;0,48
"141052";"pRthivIpatiH";141052;53;12;16;5;0;0,11;0,19
"96774";"lomaharSaNam";96775;52;12;16;5;0;0,4;0,5
"125721";"parivAritaH";125721;48;12;16;5;0;0,25;0,35
"119327";"nRpasattama";119327;47;12;16;5;0;0,04;0,06
"142781";"puruSarSabhAH";142781;47;12;16;5;0;0,13;0,23
"94255";"kurusattama";94255;44;12;16;5;0;0,09;0,16
"57308";"dvijasattamaH";57308;43;12;16;5;0;0,05;0,09
"146844";"raNamUrdhani";146845;43;12;16;5;0;0,07;0,12
"154099";"samajAyata";154100;43;12;16;5;0;0,14;0,21
"125327";"paripRcchasi";125327;42;12;16;5;0;0,86;0,9
"164223";"sarvatodiZam";164224;42;12;16;5;0;0,07;0,12
"176362";"svargagAminaH";176362;42;12;16;5;0;0,9;0,98
"142948";"puruSottamaH";142948;40;12;16;5;0;0,1;0,15
"74631";"itaretaram";74631;39;12;16;5;0;0,33;0,51
"94168";"kurunandanaH";94168;39;12;16;5;0;0,1;0,21
"142947";"puruSottama";142947;38;12;16;5;0;0,05;0,11
"161092";"saMZitavrataH";161092;37;12;16;5;0;0,16;0,24
"122363";"pANDunandanaH";122363;36;12;16;5;0;0,03;0,06
"125747";"parivartate";125747;36;12;16;5;0;0,25;0,33
"165978";"satyavAdinaH";165978;35;12;16;5;0;0,2;0,34
"12780";"aparAjitam";12780;34;12;16;5;0;0,15;0,29
"77674";"jAtavedasam";77674;34;12;16;5;0;0,56;0,71
"123763";"paramarSayaH";123763;34;12;16;5;0;0,38;0,53
"112685";"nataparvaNAm";112685;33;12;16;5;0;0,52;0,67
"137691";"pratyapadyata";137692;33;12;16;5;0;0,09;0,15
"163040";"sarvadhanvinAm";163040;33;12;16;5;0;0,3;0,45
"121425";"pAkaZAsanaH";121425;32;12;16;5;0;0,28;0,31
"102265";"manujAdhipa";102265;31;12;16;5;0;0,06;0,1
"127054";"paryupAsate";127055;31;12;16;5;0;0,06;0,13
"172943";"sumahAtapAH";172943;31;12;16;5;0;0,13;0,26
"10101";"anivartinAm";10101;30;12;16;5;0;0,47;0,57
"12778";"aparAjitaH";12778;30;12;16;5;0;0,27;0,33
"27092";"bharatasattama";27092;135;11;16;6;0;0,16;0,22
"157791";"saMnataparvabhiH";157791;97;11;16;6;0;0,76;0,9
"124057";"parapuraMjayaH";124057;45;11;16;6;0;0,11;0,18
"170627";"sthAvarajaGgamam";170627;35;11;16;6;0;0,31;0,4
"220655";"ZatasahasraZaH";220655;32;11;16;6;0;0,1;0,16
"65139";"gANDIvadhanvanA";65139;29;11;16;6;0;0,17;0,28
"29210";"bhImaparAkramaH";29210;28;11;16;6;0;0,79;0,86
"116046";"nirayagAminaH";116046;27;11;16;6;0;0,81;0,89
"65142";"gANDIvadhanvanaH";65142;22;11;16;6;0;0,18;0,32
"163037";"sarvadhanuSmatAm";163037;21;11;16;6;0;0,24;0,38
"198450";"vEvasvatakSayam";198449;21;11;16;6;0;0,29;0,38
"165856";"satyaparAkramaH";165856;20;11;16;6;0;0,1;0,2
"29212";"bhImaparAkramam";29212;19;11;16;6;0;0,42;0,79
"94125";"kurukulodvaha";94125;19;11;16;6;0;0,11;0,16
"87996";"kOravanandana";87996;18;11;16;6;0;0,11;0,17
"181543";"tatrAdhidEvatam";181543;18;11;16;6;0;0,11;0,22
"142808";"puruSasattama";142808;17;11;16;6;0;0,12;0,24
"94207";"kurupitAmahaH";94207;16;11;16;6;0;0,56;0,81
"96455";"lokapitAmahaH";96455;15;11;16;6;0;0,6;0,73
"215818";"yuddhaviZAradAH";215818;15;11;16;6;0;0,8;0,87
"5511";"AhavaZobhinam";5511;14;11;16;6;0;0,29;0,5
"22331";"AZIviSopamEH";22331;14;11;16;6;0;0,79;0,86
"59607";"evAnvapadyata";59607;14;11;16;6;0;0,29;0,43
"166041";"satyavatIsutaH";166041;14;11;16;6;0;0,64;0,79
"124056";"parapuraMjaya";124056;13;11;16;6;0;0,15;0,23
"124790";"parighabAhavaH";124790;13;11;16;6;0;0,54;0,69
"165855";"satyaparAkrama";165855;13;11;16;6;0;0,23;0,31
"140265";"priyacikIrSayA";140265;12;11;16;6;0;0,25;0,42
"142817";"puruSasiMhayoH";142817;12;11;16;6;0;0,92;1
"145439";"rAjIvalocanaH";145439;12;11;16;6;0;0,42;0,5
"184280";"trElokyaviZrutam";184280;12;11;16;6;0;0,67;0,75
"6903";"akliSTakAriNam";6903;11;11;16;6;0;0,36;0,64
"8369";"amitatejasaH";8369;11;11;16;6;0;0,36;0,45
"22330";"AZIviSopamAn";22330;11;11;16;6;0;0,64;0,82
"89147";"krodhasamanvitaH";89147;11;11;16;6;0;0,18;0,27
"89599";"kRSNadhanaMjayO";89599;11;11;16;6;0;0,18;0,27
"123876";"paramavalgunA";123876;11;11;16;6;0;1;1
